<?xml version="1.0"?>
<skin version="1.1" name="stormtrooper" author="LongTail Video">

	<settings>
		<setting name="backcolor" value="0x000000" />
		<setting name="screencolor" value="0x000000" />
	</settings>


	<components>
		<component name="controlbar">
			<settings>
				<setting name="margin" value="0" />
				<setting name="fontsize" value="12" />
				<setting name="fontcolor" value="0xcccccc" />
				<setting name="buttoncolor" value="0x444444" />
			</settings>


			<layout>
				<group position="left">
					<button name="play" />
					<divider />
				</group>
				<group position="center">
					<slider name="time" />
				</group>
				<group position="right">
					<text name="duration" />
					<divider />
					<button name="blank" />
					<divider />
					<button name="mute" />
					<slider name="volume" />
					<divider />
					<text name="bitrate" />
					<divider />
					<button name="fullscreen" />
				</group>
			</layout>

			<elements>
				<element name="background" src="bg.png" />
				<element name="divider" src="divider_1.png" />
								
				<element name="blankButton" src="blankButton.png" />
				<element name="blankButtonOver" src="blankButton.png" />
				
				<element name="playButton" src="playBtn.png" />
				
				
				<element name="pauseButton" src="pasueBtn.png" />
				
				
				<element name="timeSliderRail" src="1.png" />
				<element name="timeSliderBuffer" src="buff.png" />
				<element name="timeSliderProgress" src="2.png" />
				<element name="timeSliderThumb" src="3.png" />

				<element name="timerSliderTooltipBackground" src="timeSliderTooltip.png" />

				
				<element name="fullscreenButton" src="fullScreenBtn.png" />
				<element name="fullscreenButtonOver" src="fullScreenBtn.png" />
				
				<element name="normalscreenButton" src="fullScreenBtn.png" />
				<element name="normalscreenButtonOver" src="fullScreenBtn.png" />
				
				<element name="muteButton" src="volumeIcon.png" />
				<element name="muteButtonOver" src="volumeIcon.png" />
				
				<element name="unmuteButton" src="volumeIcon.png" />
				<element name="unmuteButtonOver" src="volumeIcon.png" />
				
				
				
				<element name="volumeSliderRail" src="volumePro.png" />
				<element name="volumeSliderBuffer" src="volumePro.png" />
				<element name="volumeSliderProgress" src="volumeBuf.png" />
				<element name="volumeSliderThumb" src="3.png" />
			</elements>
		</component>
		
		<component name="display">
			<settings>
			   <setting name='bufferrotation' value='15' />
               <setting name='bufferinterval' value='100' />
			</settings>
			<elements>
				<element name="background" src="background.png" />
				
				<element name="playIcon" src="play.png" />
				<element name="playIconOver" src="playOver.png" />
				
				<element name="muteIcon" src="muteIcon.png" />
				<element name="errorIcon" src="errorIcon.png" />
				<element name="bufferIcon" src="bufferIcon.png" />
			</elements>
		</component>
		

		<component name="bitrateswitch">
			<settings>
				<setting name="outcolor" value="0xFFFFFF" />
				<setting name="overcolor" value="0xCCCCCC" />
				<setting name="fontcolor" value="0x000000" />
			</settings>
		</component>

	</components>

</skin>